Feature,Importance
has_https,0.4446443153828219
path_length,0.14776653237836396
num_slashes,0.1331494463533887
digit_ratio,0.0634567051093364
num_special_chars,0.04755216777408359
num_digits,0.04051291270264782
url_length,0.03469247227711836
num_subdomains,0.025215425890408604
num_dots,0.02257949886855803
hostname_length,0.01739984000010552
num_hyphens,0.011709606621250195
special_char_ratio,0.00749565828412883
suspicious_keyword_present,0.001872470162228613
suspicious_keyword_count,0.001522513152378522
num_question_marks,0.00024261878970704395
has_url_shortener,0.00010439846559905468
query_length,2.8475023098481638e-05
has_query,2.70234020152978e-05
has_fragment,1.4098723966175613e-05
has_at_symbol,8.083056225776703e-06
num_underscores,2.935505347078048e-06
num_equal_signs,1.6313264119433113e-06
has_ip_address,1.1225585004189699e-06
num_percent_signs,4.8192309810911196e-08
num_ampersands,0.0
has_port,0.0
is_encoded,0.0
