Model,Threshold,Accuracy,Precision,Recall,F1-Score,True_Negatives,False_Positives,False_Negatives,True_Positives,False_Positive_Rate,False_Negative_Rate
LogisticRegression,0.1,0.9963,0.9955,0.9958,0.9956,26880,90,85,20019,0.0033,0.0042
LogisticRegression,0.2,0.9972,0.9986,0.9949,0.9967,26941,29,102,20002,0.0011,0.0051
LogisticRegression,0.3,0.9975,0.9995,0.9947,0.9971,26959,11,106,19998,0.0004,0.0053
LogisticRegression,0.4,0.9976,0.9997,0.9946,0.9971,26963,7,108,19996,0.0003,0.0054
LogisticRegression,0.5,0.9976,0.9999,0.9944,0.9972,26969,1,113,19991,0.0,0.0056
LogisticRegression,0.6,0.9976,0.9999,0.9943,0.9971,26969,1,114,19990,0.0,0.0057
LogisticRegression,0.7,0.9975,0.9999,0.9941,0.997,26969,1,119,19985,0.0,0.0059
LogisticRegression,0.8,0.9972,1.0,0.9933,0.9967,26970,0,134,19970,0.0,0.0067
LogisticRegression,0.9,0.9968,1.0,0.9924,0.9962,26970,0,152,19952,0.0,0.0076
DecisionTreeClassifier,0.1,0.9969,0.9969,0.9959,0.9964,26907,63,83,20021,0.0023,0.0041
DecisionTreeClassifier,0.2,0.9976,0.9987,0.9958,0.9972,26943,27,85,20019,0.001,0.0042
DecisionTreeClassifier,0.3,0.9979,0.9994,0.9956,0.9975,26958,12,88,20016,0.0004,0.0044
DecisionTreeClassifier,0.4,0.9979,0.9995,0.9956,0.9975,26960,10,89,20015,0.0004,0.0044
DecisionTreeClassifier,0.5,0.9979,0.9996,0.9956,0.9976,26961,9,89,20015,0.0003,0.0044
DecisionTreeClassifier,0.6,0.998,0.9997,0.9956,0.9976,26963,7,89,20015,0.0003,0.0044
DecisionTreeClassifier,0.7,0.9979,0.9997,0.9954,0.9976,26964,6,92,20012,0.0002,0.0046
DecisionTreeClassifier,0.8,0.9979,0.9997,0.9954,0.9976,26964,6,92,20012,0.0002,0.0046
DecisionTreeClassifier,0.9,0.9977,0.9998,0.9948,0.9973,26966,4,105,19999,0.0001,0.0052
RandomForestClassifier,0.1,0.9956,0.9935,0.9962,0.9948,26838,132,77,20027,0.0049,0.0038
RandomForestClassifier,0.2,0.9971,0.9971,0.9961,0.9966,26912,58,79,20025,0.0022,0.0039
RandomForestClassifier,0.3,0.9975,0.9984,0.9958,0.9971,26937,33,85,20019,0.0012,0.0042
RandomForestClassifier,0.4,0.9979,0.9994,0.9956,0.9975,26957,13,88,20016,0.0005,0.0044
RandomForestClassifier,0.5,0.9979,0.9997,0.9955,0.9976,26963,7,90,20014,0.0003,0.0045
RandomForestClassifier,0.6,0.9979,0.9998,0.9953,0.9975,26965,5,94,20010,0.0002,0.0047
RandomForestClassifier,0.7,0.9978,0.9998,0.995,0.9974,26966,4,100,20004,0.0001,0.005
RandomForestClassifier,0.8,0.9974,0.9998,0.9941,0.9969,26966,4,119,19985,0.0001,0.0059
RandomForestClassifier,0.9,0.9966,0.9999,0.9922,0.9961,26968,2,156,19948,0.0001,0.0078
